0,1,2,3,4,5,6
8.953,87.682587,75.110092,70.580185,106.437065,83.658897,68.676361
17.584,87.784241,75.199417,70.673203,106.746208,83.869873,68.721771
26.012,87.909073,75.274536,70.775383,107.020416,84.05101,68.827415
34.441,87.944351,75.45179,70.75193,107.203827,84.253845,68.841736
42.869,87.969032,75.413422,70.799255,107.415756,84.428047,68.952133
51.298,88.032028,75.559242,70.834427,107.498764,84.600876,69.042336
59.727,87.98732,75.609467,70.913544,107.557022,84.787956,69.065186
68.154,87.960228,75.711418,70.938057,107.562714,84.945206,69.110016
76.583,87.947701,75.770859,71.014244,107.509537,85.03244,69.176346
85.012,87.883354,75.832657,71.022423,107.47271,85.131973,69.240051
93.441,87.73616,75.91095,71.09639,107.36898,85.255363,69.332642
101.869,87.618202,75.899284,71.116341,107.231064,85.304268,69.439728
110.298,87.562355,75.992241,71.174942,107.072319,85.429092,69.531685
118.727,87.400803,75.97876,71.250374,106.859917,85.499115,69.552818
127.154,87.311195,76.03891,71.307106,106.632019,85.546425,69.61705
135.583,87.141266,76.013847,71.300362,106.417381,85.600418,69.706757
144.012,87.05146,76.121918,71.374084,106.165825,85.647362,69.742432
152.441,86.853485,76.103668,71.394791,105.916344,85.635086,69.802826
160.869,86.682007,76.081154,71.427269,105.591095,85.672661,69.870392
169.298,86.488029,76.049683,71.380669,105.280807,85.609848,69.899544
177.726,86.324783,76.056221,71.447708,104.932373,85.516006,69.894943
186.153,86.108086,76.02816,71.44416,104.596863,85.479683,69.980362
194.581,85.919579,75.972122,71.466484,104.272453,85.463249,70.046455
203.01,85.675163,75.94294,71.486343,103.901329,85.373802,70.045563
211.438,85.482727,75.880653,71.503334,103.535934,85.284439,70.077751
219.865,85.240013,75.876747,71.465057,103.105858,85.199142,70.069077
228.292,85.054428,75.849022,71.447861,102.753563,85.129318,70.144615
236.721,84.861641,75.740303,71.441559,102.397362,85.018394,70.117905
245.15,84.640999,75.749016,71.445686,101.980759,84.875816,70.104477
253.579,84.40181,75.618446,71.373528,101.617546,84.78968,70.113052
262.007,84.141838,75.609848,71.372032,101.19175,84.624977,70.132751
270.436,83.976494,75.544083,71.381424,100.774315,84.438919,70.114143
278.864,83.690468,75.391205,71.341255,100.3591,84.28138,70.122177
287.292,83.478752,75.286209,71.257782,99.958534,84.157585,70.093803
295.72,83.304276,75.276833,71.216324,99.539612,83.981987,70.048264
304.148,83.025192,75.177124,71.224762,99.154289,83.856705,69.963615
312.575,82.806587,75.101189,71.137352,98.674614,83.613411,69.929016
321.004,82.581078,74.956032,71.060905,98.297318,83.450104,69.964508
329.431,82.381165,74.907219,71.015762,97.884109,83.288834,69.907593
337.859,82.204636,74.819016,70.987801,97.512657,83.074135,69.842178
346.287,82.125717,74.703934,71.01181,97.222565,82.886955,69.859749
354.715,82.018837,74.587723,70.9226,96.937965,82.681366,69.70372
363.143,81.963921,74.561707,70.826912,96.719841,82.479111,69.616821
371.571,81.880402,74.363899,70.713623,96.549454,82.336067,69.534767
379.998,81.859673,74.326912,70.690605,96.485909,82.154739,69.447441
388.426,81.830666,74.201462,70.631126,96.414551,82.010094,69.337196
396.854,81.844475,74.113083,70.524147,96.359901,81.811493,69.324745
405.282,81.935959,74.050308,70.50354,96.367271,81.661812,69.265381
413.711,82.005516,73.976631,70.444275,96.442513,81.548279,69.212143
422.137,82.045006,73.943924,70.376038,96.502258,81.409943,69.114601
430.565,82.095863,73.815811,70.302658,96.645035,81.300156,69.063492
438.993,82.235382,73.798767,70.261086,96.85408,81.266182,69.026314
447.421,82.382629,73.713585,70.20224,97.004753,81.19059,68.96125
455.85,82.504372,73.719543,70.14402,97.219109,81.131165,68.878899
464.278,82.636559,73.718987,70.147606,97.499443,81.114197,68.739281
472.707,82.827843,73.730286,70.155228,97.747498,81.090309,68.725021
481.136,83.013107,73.743584,70.112144,97.984772,81.03894,68.628929
489.563,83.168259,73.721275,70.064392,98.304886,81.034874,68.568008
497.99,83.31308,73.696671,70.032448,98.616295,81.059227,68.560272
506.416,83.472755,73.680481,69.972473,98.966454,81.090668,68.500473
514.842,83.721848,73.685356,70.008293,99.277512,81.139336,68.417336
523.269,83.926247,73.713615,69.986595,99.614693,81.207054,68.416748
531.697,84.105362,73.804596,70.00563,99.975861,81.259148,68.376915
540.125,84.332069,73.806091,70.011482,100.376839,81.318398,68.304115
548.553,84.555504,73.894577,70.020691,100.76059,81.435883,68.275589
556.981,84.721619,73.920975,69.955887,101.145004,81.540901,68.326744
565.408,84.94931,73.971771,70.013344,101.524284,81.61232,68.247322
573.837,85.196434,74.052277,70.03978,101.925529,81.717636,68.252914
582.265,85.419868,74.125824,70.03038,102.342201,81.894112,68.265488
590.692,85.626213,74.230194,70.106827,102.751877,82.042946,68.272423
599.12,85.871719,74.24305,70.11602,103.161217,82.205795,68.317215
607.548,86.125092,74.341881,70.163315,103.542427,82.348,68.321404
615.976,86.329727,74.401642,70.170837,104.005913,82.517433,68.391335
624.403,86.550835,74.521156,70.217506,104.425255,82.670464,68.440277
632.831,86.737846,74.585999,70.250282,104.816055,82.832947,68.451675
641.259,87.037872,74.709114,70.322563,105.238167,83.011955,68.488754
649.688,87.260574,74.784584,70.399895,105.648537,83.209953,68.546883
658.116,87.383492,74.838562,70.41629,105.999237,83.380852,68.534569
666.544,87.563385,74.993622,70.487747,106.398605,83.617111,68.61351
674.973,87.773331,75.170654,70.593552,106.681709,83.773842,68.66497
683.401,87.807983,75.218071,70.630447,106.945648,83.974411,68.74649
691.83,87.881355,75.339195,70.665199,107.103294,84.159515,68.759827
700.258,87.917107,75.407188,70.73436,107.320114,84.370667,68.877136
708.687,87.969734,75.483772,70.779572,107.43425,84.554382,68.917023
717.115,87.949432,75.579674,70.866776,107.491272,84.701706,68.97258
725.544,87.89959,75.63829,70.924728,107.488716,84.83152,69.006485
733.972,87.906189,75.783958,71.014511,107.459267,84.986076,69.115334
742.4,87.847801,75.843895,71.122589,107.414848,85.139557,69.159836
750.829,87.708328,75.904938,71.058289,107.289627,85.201279,69.260239
759.257,87.637215,75.938889,71.187347,107.193596,85.301086,69.37603
767.685,87.559998,75.960793,71.242722,106.980972,85.399567,69.467552
776.113,87.456825,76.006264,71.272163,106.813919,85.468666,69.506348
784.541,87.356491,76.09124,71.333542,106.632454,85.483078,69.630768
792.969,87.21022,76.15509,71.473724,106.3591,85.589882,69.728554
801.398,87.030701,76.111282,71.453278,106.102913,85.58268,69.760323
809.825,86.848953,76.168793,71.519966,105.854393,85.586487,69.82235
818.253,86.707588,76.138084,71.449142,105.551018,85.615921,69.901489
826.681,86.494667,76.127563,71.515396,105.213684,85.565727,69.847672
835.109,86.28064,76.150543,71.540436,104.896942,85.593956,69.949898
843.535,86.146072,76.06588,71.5653,104.58078,85.485977,70.050598
851.963,85.864502,76.000519,71.52536,104.236542,85.426239,70.115135
860.39,85.722794,76.06131,71.594193,103.832199,85.396919,70.108536
868.818,85.553963,76.041168,71.52523,103.498352,85.307693,70.140625
877.244,85.310287,75.955879,71.572151,103.125786,85.201729,70.197495
885.672,85.088928,75.868584,71.518761,102.775352,85.13652,70.230659
894.1,84.882988,75.853279,71.514671,102.339294,84.996246,70.106316
902.528,84.655457,75.777443,71.495193,101.972603,84.845459,70.16124
910.956,84.371834,75.683128,71.469627,101.563194,84.703087,70.203476
919.383,84.18782,75.612938,71.442268,101.1213,84.612297,70.168663
927.812,83.914642,75.530869,71.394562,100.70504,84.475563,70.142731
936.237,83.785126,75.454391,71.389801,100.280899,84.330002,70.084595
944.666,83.555077,75.412415,71.353081,99.891121,84.159584,70.067383
953.093,83.269417,75.321274,71.299965,99.474083,83.963593,70.03286
961.522,83.000214,75.173935,71.247467,99.028275,83.827888,70.000137
969.949,82.790283,75.075264,71.194839,98.632828,83.610138,69.965164
978.378,82.628975,75.067123,71.164238,98.216217,83.425117,69.908356
986.806,82.419937,74.892357,71.106766,97.848442,83.26458,69.920929
995.234,82.269821,74.847267,71.052505,97.470924,83.077301,69.838249
1003.662,82.154091,74.757729,70.974625,97.234703,82.909348,69.846603
1012.091,82.06691,74.594292,71.020393,96.958412,82.724411,69.821251
1020.519,81.977852,74.483292,70.842216,96.747276,82.500008,69.673004
1028.944,81.906845,74.415764,70.823944,96.608383,82.352089,69.555832
1037.373,81.958138,74.31282,70.726242,96.502197,82.157204,69.457703
1045.801,81.892654,74.241196,70.670181,96.466393,81.969093,69.426399
1054.229,81.953903,74.153481,70.623238,96.427162,81.797081,69.407753
1062.657,82.041779,74.115517,70.563263,96.457397,81.668549,69.321632
1071.086,82.060242,74.034081,70.471031,96.512146,81.574516,69.231499
1079.515,82.07711,73.923317,70.342133,96.650238,81.438293,69.104904
1087.942,82.181602,73.866447,70.303345,96.783257,81.354088,69.084877
1096.369,82.340813,73.869522,70.297722,96.935997,81.245026,69.012947
1104.798,82.499184,73.850014,70.269028,97.123222,81.179001,68.950127
1113.226,82.665344,73.825882,70.234352,97.341599,81.068993,68.853851
1121.653,82.799164,73.793282,70.203796,97.590324,81.108818,68.824455
1130.082,82.932411,73.744972,70.116516,97.868935,81.053421,68.704178
1138.51,83.108208,73.810204,70.188644,98.15683,81.060867,68.624741
1146.939,83.283203,73.783211,70.091972,98.474915,81.104736,68.626427
1155.365,83.472786,73.754974,70.094666,98.814529,81.144279,68.61393
1163.794,83.669212,73.812172,70.063179,99.108383,81.141029,68.527473
1172.223,83.879608,73.845505,70.054131,99.483437,81.236565,68.532684
1180.65,84.034019,73.797234,70.007675,99.814232,81.271538,68.456024
1189.078,84.252266,73.869324,70.049072,100.222374,81.382889,68.455513
1197.507,84.472656,73.926834,70.039436,100.629761,81.458549,68.450264
1205.935,84.716713,73.99926,70.084618,101.012802,81.50631,68.40976
1214.363,84.913818,74.026825,70.06749,101.390366,81.619576,68.403366
1222.792,85.162376,74.074623,70.063507,101.774002,81.72348,68.42498
1231.22,85.428192,74.202644,70.173241,102.193108,81.897156,68.401047
1239.648,85.572891,74.206718,70.170212,102.585526,82.045593,68.371826
1248.074,85.799774,74.315544,70.137657,102.961967,82.170105,68.379883
1256.501,85.97522,74.385139,70.138969,103.384018,82.303589,68.380615
1264.93,86.269241,74.437935,70.264442,103.788544,82.467262,68.335442
1273.357,86.512993,74.539505,70.273224,104.214417,82.611244,68.37854
1281.782,86.772446,74.649864,70.319672,104.678635,82.791328,68.44651
1290.21,86.958977,74.716499,70.361122,105.096504,82.971664,68.527802
1298.638,87.197098,74.791786,70.410759,105.509506,83.168419,68.506035
1307.065,87.347389,74.903099,70.44693,105.949707,83.351936,68.580162
1315.493,87.615425,75.046257,70.526649,106.306702,83.540939,68.624458
1323.919,87.758514,75.174202,70.574181,106.62619,83.764702,68.672569
1332.347,87.896248,75.242027,70.664948,106.940742,83.908081,68.714569
1340.775,87.975517,75.306252,70.849739,107.181381,84.143295,68.838066
1349.202,88.004234,75.403877,70.779633,107.353325,84.306328,68.869659
1357.629,88.064484,75.47982,70.880577,107.533195,84.552879,69.04641
1366.057,88.08979,75.586182,70.882912,107.609375,84.678581,69.076912
1374.484,88.028465,75.672989,70.967232,107.698151,84.871353,69.184296
1382.913,88.069199,75.827972,71.058083,107.641594,84.959366,69.224579
1391.34,88.04792,75.859436,71.118195,107.613312,85.106354,69.28344
1399.769,87.966522,75.93972,71.200096,107.554115,85.245209,69.374756
1408.196,87.850517,76.008835,71.258003,107.442436,85.367615,69.41523
1416.624,87.763741,76.058311,71.249741,107.335304,85.488792,69.496658
1425.053,87.627602,76.040421,71.269653,107.165512,85.562996,69.579506
1433.481,87.539558,76.126205,71.38662,106.993149,85.654358,69.726273
1441.908,87.453682,76.183449,71.461983,106.749168,85.664619,69.768837
1450.337,87.314514,76.223923,71.483902,106.518372,85.730827,69.849197
1458.765,87.088028,76.230606,71.486916,106.300507,85.782066,69.866241
1467.192,86.97921,76.250267,71.547142,106.00177,85.783134,69.926895
1475.621,86.767143,76.269958,71.620682,105.630287,85.724838,69.912209
1484.048,86.591461,76.214134,71.603355,105.360329,85.679337,70.030396
1492.476,86.410957,76.191299,71.610992,105.03418,85.70858,70.104767
1500.904,86.192001,76.201324,71.582748,104.719193,85.643982,70.164223
1509.329,86.012924,76.084366,71.595245,104.3535,85.602661,70.236626
1517.756,85.869743,76.120087,71.663055,104.008415,85.522079,70.241837
1526.184,85.598434,76.049835,71.674141,103.622459,85.415543,70.284149
1534.612,85.370193,76.040916,71.643677,103.264305,85.329193,70.319122
1543.039,85.195267,75.997948,71.613762,102.79261,85.211227,70.250755
1551.468,85.033119,75.939537,71.638771,102.45639,85.128403,70.250511
1559.893,84.763489,75.898415,71.588242,102.070679,85.026176,70.277405
1568.321,84.533974,75.823112,71.568604,101.645866,84.862541,70.302986
1576.749,84.271507,75.782455,71.54628,101.217094,84.711418,70.297745
1585.178,84.031738,75.636856,71.467575,100.831642,84.583076,70.291656
1593.605,83.857132,75.602638,71.485809,100.4394,84.471535,70.285843
1602.031,83.573334,75.471672,71.423576,100.027023,84.249321,70.219864
1610.458,83.39151,75.413033,71.394714,99.581825,84.09346,70.170448
1618.886,83.150307,75.342476,71.401611,99.162926,83.920334,70.071449
1627.314,82.88797,75.222153,71.299141,98.77021,83.771118,70.082062
1635.74,82.664062,75.088448,71.26371,98.327667,83.57592,70.069397
1644.169,82.538254,75.020454,71.197075,97.972801,83.371834,70.027451
1652.597,82.375633,74.876724,71.09227,97.625946,83.234825,69.956505
1661.025,82.244263,74.829285,71.080345,97.346504,83.007118,69.888885
1669.453,82.155579,74.694145,71.091393,97.135002,82.844269,69.899132
1677.881,82.07724,74.643341,70.917274,96.877792,82.63063,69.794891
1686.31,82.04071,74.512672,70.885811,96.762077,82.489754,69.704697
1694.736,82.040649,74.445015,70.822716,96.64537,82.245865,69.647438
1703.163,82.046783,74.32605,70.767433,96.577141,82.086014,69.599457
1711.591,82.062347,74.265991,70.663589,96.585121,81.943794,69.491646
1720.02,82.158249,74.273849,70.694138,96.615242,81.827293,69.405876
1728.446,82.212189,74.125908,70.604141,96.692558,81.643173,69.310471
1736.874,82.26075,74.053925,70.493408,96.800758,81.56794,69.301033
1745.303,82.420197,74.089317,70.530182,96.974945,81.522408,69.227753
1753.73,82.464828,73.955208,70.405205,97.15712,81.463501,69.140884
1762.158,82.62133,73.927856,70.376923,97.33078,81.367905,69.111069
1770.586,82.824608,73.970161,70.379593,97.547806,81.329193,69.077858
1779.015,82.897789,73.940414,70.33609,97.770576,81.281517,69.005653
1787.442,83.060852,73.881798,70.305183,98.063606,81.270935,68.945786
1795.869,83.253464,73.899452,70.265999,98.328285,81.23761,68.873718
1804.298,83.3871,73.925072,70.243721,98.612091,81.260651,68.772049
1812.727,83.593094,73.958145,70.226151,98.946991,81.33033,68.737427
1821.153,83.725502,73.923172,70.188202,99.239677,81.305038,68.683022
1829.581,83.950966,73.951637,70.153412,99.577293,81.371124,68.642746
1838.009,84.140663,73.900803,70.155731,99.959381,81.472198,68.623245
1846.436,84.351097,73.985474,70.145775,100.296921,81.517258,68.59655
1854.861,84.546303,74.002007,70.193031,100.635826,81.560402,68.577568
1863.287,84.724915,74.093597,70.187241,101.06176,81.718842,68.585632
1871.715,84.964981,74.152168,70.164001,101.402565,81.793549,68.519127
1880.143,85.200592,74.175575,70.195442,101.79425,81.899704,68.482689
1888.57,85.398026,74.299004,70.229057,102.198334,82.019012,68.499535
1896.996,85.5783,74.292084,70.248497,102.560425,82.1408,68.533295
1905.425,85.832397,74.37883,70.267883,102.974197,82.274399,68.518341
1913.853,86.02047,74.450027,70.259109,103.373314,82.433037,68.524284
1922.281,86.276474,74.53933,70.315666,103.771614,82.582993,68.558922
1930.71,86.549156,74.669785,70.418671,104.208168,82.765533,68.565613
1939.138,86.656013,74.644279,70.380318,104.580154,82.876617,68.596901
1947.566,86.969048,74.825081,70.488297,104.991013,83.050934,68.603615
1955.994,87.18158,74.8936,70.482811,105.406349,83.204178,68.668343
1964.422,87.436737,74.971222,70.620949,105.826851,83.485123,68.734184
1972.85,87.515198,75.047699,70.62252,106.195183,83.634026,68.76545
1981.277,87.650452,75.130264,70.64505,106.470909,83.780716,68.755524
1989.704,87.776764,75.304909,70.732658,106.824135,84.034691,68.864067
1998.131,87.884956,75.39846,70.844109,107.035629,84.232124,68.969032
2006.558,87.945648,75.494789,70.825645,107.203674,84.395653,69.041473
2014.986,87.993401,75.58461,70.931755,107.289948,84.538254,69.076035
2023.415,87.994789,75.640518,70.956749,107.346931,84.630714,69.083168
2031.843,88.006607,75.756577,71.054718,107.385948,84.806305,69.216949
2040.272,87.966507,75.839355,71.136833,107.383179,84.976051,69.296722
2048.699,87.87793,75.922783,71.168716,107.397888,85.16288,69.469673
2057.127,87.859894,75.975578,71.288437,107.278511,85.279953,69.482361
2065.554,87.738388,75.998421,71.265686,107.213745,85.422447,69.582115
2073.982,87.604904,76.09108,71.343697,107.055634,85.485733,69.5979
2082.407,87.539047,76.166252,71.363884,106.856232,85.538139,69.669518
2090.836,87.421013,76.192764,71.460526,106.661385,85.585854,69.721085
2099.264,87.251877,76.169174,71.452972,106.443924,85.648987,69.761009
2107.692,87.067673,76.192871,71.487442,106.197342,85.624016,69.885735
2116.119,86.987091,76.21804,71.567383,105.962364,85.670189,69.913765
2124.546,86.789894,76.245689,71.601227,105.644524,85.674957,69.980865
2132.975,86.590607,76.204117,71.582565,105.32061,85.633041,70.072624
2141.402,86.434837,76.164513,71.604141,104.974182,85.565292,70.044807
2149.83,86.263283,76.215912,71.608803,104.679817,85.564987,70.068336
2158.257,86.028397,76.159836,71.576088,104.321442,85.523582,70.154182
2166.684,85.883942,76.110657,71.651108,103.958626,85.433899,70.198654
2175.112,85.656845,76.09832,71.600494,103.655296,85.37635,70.278671
2183.541,85.418205,76.046265,71.64949,103.234947,85.259453,70.278549
2191.97,85.219391,75.995918,71.621834,102.865334,85.185066,70.27504
2200.397,84.998802,75.925652,71.557961,102.53891,85.133995,70.328308
2208.823,84.784561,75.869286,71.593246,102.090775,84.978027,70.319824
2217.252,84.60585,75.874519,71.629425,101.739853,84.854576,70.34201
2225.679,84.342346,75.721718,71.580635,101.297562,84.730835,70.315079
2234.107,84.139877,75.697006,71.526581,100.907074,84.59063,70.281555
2242.534,83.848564,75.627068,71.461899,100.470764,84.397224,70.27462
2250.962,83.687523,75.549332,71.438004,100.059875,84.267075,70.293991
2259.389,83.437325,75.442078,71.420334,99.642754,84.111633,70.203278
2267.817,83.151924,75.339279,71.389931,99.248512,83.91169,70.128807
2276.243,82.98307,75.27343,71.363945,98.803284,83.72789,70.126183
2284.67,82.789497,75.166817,71.261436,98.399994,83.56855,70.119339
2293.098,82.581177,75.055328,71.208817,98.007339,83.392212,70.061348
2301.525,82.393799,74.940468,71.159698,97.6306,83.217438,70.029663
2309.949,82.230682,74.893623,71.15593,97.362984,83.022369,69.948814
2318.377,82.132225,74.755806,71.035263,96.995979,82.827614,69.909988
2326.805,82.10878,74.673492,71.075089,96.83313,82.644173,69.832268
2335.232,81.987244,74.5644,70.94236,96.628014,82.468391,69.787857
2343.66,81.993103,74.49968,70.857925,96.513512,82.295006,69.740585
2352.089,81.963219,74.38504,70.809258,96.403229,82.099464,69.578079
2360.517,81.952591,74.264671,70.728958,96.393196,81.964775,69.53508
2368.945,82.045815,74.237785,70.698166,96.403259,81.8134,69.491234
2377.374,82.035034,74.120689,70.590904,96.480072,81.687927,69.417793
2385.802,82.170891,74.127243,70.611664,96.548988,81.559853,69.307381
2394.23,82.246506,74.03717,70.531876,96.69532,81.454277,69.259109
2402.657,82.372818,73.994537,70.45417,96.822281,81.392464,69.144119
2411.085,82.491257,73.978416,70.409851,97.025826,81.265213,69.051247
2419.514,82.583771,73.958603,70.37307,97.233147,81.239792,69.002899
2427.942,82.7547,73.888382,70.317268,97.476974,81.213104,68.923027
2436.369,82.934395,73.856476,70.257156,97.705421,81.162598,68.860359
2444.797,83.016167,73.836006,70.242874,98.021324,81.19426,68.862907
2453.226,83.241974,73.882233,70.265747,98.305138,81.163933,68.80278
2461.653,83.429619,73.877052,70.247719,98.628799,81.164032,68.739609
2470.081,83.634476,73.883316,70.260178,98.96711,81.188744,68.650154
2478.509,83.80114,73.892433,70.116196,99.300186,81.24234,68.615044
2486.936,84.012314,73.901794,70.145042,99.667557,81.336174,68.618553
2495.364,84.212273,73.938202,70.169998,99.961426,81.374077,68.560181
2503.792,84.550285,74.021797,70.199524,100.400841,81.456177,68.550133
2512.221,84.669365,74.084389,70.188568,100.814911,81.571007,68.523987
2520.649,84.912659,74.12648,70.213028,101.187767,81.640694,68.513435
2529.076,85.077202,74.156342,70.228004,101.53627,81.76062,68.452957
2537.503,85.280434,74.219337,70.211716,101.960075,81.832169,68.448624
2545.922,85.544785,74.24601,70.236778,102.387611,82.004311,68.515083
2554.351,85.792084,74.361252,70.264748,102.790421,82.119263,68.510597
2562.777,86.018852,74.456657,70.317322,103.210091,82.321251,68.531021
2571.205,86.220428,74.554855,70.312645,103.627228,82.46447,68.570389
2579.634,86.429375,74.627625,70.366417,104.065605,82.629837,68.538361
2588.062,86.702049,74.695053,70.423553,104.505066,82.804665,68.567368
2596.488,86.953514,74.796745,70.486542,104.900024,82.956573,68.620216
2604.915,87.187813,74.855614,70.495461,105.367119,83.175598,68.668869
2613.344,87.366684,74.947578,70.552376,105.766502,83.395256,68.707382
2621.772,87.547768,75.04081,70.559708,106.151703,83.534729,68.763153
2630.2,87.793121,75.183769,70.67382,106.540619,83.725296,68.807632
2638.629,87.922371,75.278862,70.737083,106.906776,83.941162,68.920494
2647.054,87.913177,75.259377,70.636696,107.112801,84.076508,68.939331
2655.483,88.090889,75.463333,70.856987,107.349319,84.295242,68.972977
2663.91,88.10096,75.488281,70.891548,107.567177,84.532639,69.059196
2672.339,88.179687,75.703629,70.931183,107.662498,84.681656,69.072884
2680.768,88.19957,75.742271,71.038818,107.761719,84.875832,69.11702
2689.194,88.188286,75.846031,71.116241,107.817101,85.044464,69.250015
2697.623,88.176147,75.961067,71.178825,107.810287,85.224434,69.323502
2706.051,88.112152,76.029396,71.243721,107.735077,85.317841,69.417763
2714.478,88.050507,76.111305,71.349258,107.628593,85.39241,69.475769
2722.905,87.990395,76.153725,71.382973,107.539452,85.540375,69.597244
2731.333,87.906372,76.228409,71.416664,107.413551,85.666817,69.649551
2739.762,87.717224,76.224274,71.492043,107.208084,85.74511,69.658325
2748.19,87.624084,76.337975,71.543434,107.01619,85.782722,69.773148
2756.618,87.506485,76.305359,71.583679,106.782524,85.793823,69.910522
2765.046,87.390839,76.350288,71.633667,106.511879,85.814087,69.9459
2773.475,87.098839,76.277596,71.632446,106.250076,85.863747,70.013397
2781.901,86.961433,76.327599,71.684067,105.972282,85.880981,70.111984
2790.33,86.81414,76.356277,71.651566,105.646217,85.851921,70.102882
2798.759,86.626411,76.380547,71.746643,105.368202,85.836029,70.2062
2807.187,86.455025,76.321915,71.753319,105.023674,85.796333,70.289848
2815.614,86.280891,76.296516,71.733871,104.692696,85.745705,70.325668
2824.043,85.999947,76.278305,71.74453,104.337654,85.69912,70.327492
2832.471,85.966133,76.245216,71.768959,103.945137,85.568001,70.350746
2840.899,85.635124,76.219826,71.755257,103.579865,85.516167,70.381927
2849.326,85.469963,76.176773,71.752747,103.195427,85.408081,70.350037
2857.754,85.270462,76.175934,71.775505,102.835739,85.336655,70.443451
2866.183,84.965378,76.019661,71.704697,102.433113,85.175705,70.444916
2874.611,84.741898,75.936874,71.661995,102.050858,85.101913,70.488983
2883.04,84.567223,75.89183,71.707474,101.649872,84.962418,70.443115
2891.467,84.345718,75.812141,71.714615,101.193466,84.813156,70.394821
2899.896,84.078468,75.708054,71.603401,100.819878,84.694084,70.342529
2908.324,83.815994,75.64447,71.591599,100.396172,84.51664,70.348335
2916.752,83.627373,75.600349,71.560303,99.99218,84.394478,70.329399
2925.181,83.374176,75.477509,71.457832,99.575333,84.190666,70.304039
2933.608,83.166687,75.398933,71.445702,99.156006,84.04554,70.330894
2942.036,82.962479,75.294777,71.419662,98.738625,83.84037,70.272064
2950.464,82.784218,75.226845,71.371887,98.329338,83.663124,70.165039
2958.892,82.607582,75.084702,71.291817,97.985794,83.453323,70.102486
2967.32,82.500053,75.025581,71.257431,97.64859,83.290146,70.040001
2975.748,82.292007,74.814461,71.033897,97.422646,83.110886,69.989868
2984.176,82.28904,74.808281,71.079964,97.186974,82.883842,69.970329
2992.604,82.214996,74.675629,71.039406,97.037643,82.676048,69.843506
3001.031,82.169975,74.630852,70.980179,96.913811,82.525261,69.806892
3009.459,82.202881,74.507492,70.907211,96.862213,82.379677,69.752579
3017.885,82.278343,74.474068,70.878136,96.834984,82.223495,69.719513
3026.313,82.309219,74.380058,70.794655,96.807037,82.05056,69.582352
3034.741,82.322159,74.284843,70.712013,96.908577,81.918022,69.573608
3043.17,82.417198,74.257477,70.647507,96.963112,81.794655,69.547676
3051.598,82.546196,74.26725,70.687996,97.135048,81.684288,69.442581
3060.025,82.63662,74.158058,70.590912,97.256073,81.579391,69.232254
3068.453,82.780869,74.124649,70.549934,97.505051,81.575714,69.246674
3076.882,82.858727,74.127754,70.504227,97.696411,81.544006,69.16568
3085.309,83.049332,74.085899,70.481842,97.937332,81.464851,69.131226
3093.736,83.188965,74.03228,70.429115,98.214256,81.435699,69.075485
3102.165,83.328568,74.028572,70.39447,98.469772,81.411133,69.023407
3110.594,83.519394,74.01693,70.366783,98.786964,81.428612,68.980141
3119.021,83.713425,74.06073,70.320068,99.093071,81.433647,68.882019
3127.448,83.9077,74.068108,70.348984,99.448715,81.506462,68.882401
3135.876,84.123833,74.09845,70.34404,99.753502,81.524757,68.823441
3144.304,84.297493,74.145241,70.293671,100.151398,81.588341,68.812523
3152.733,84.462204,74.245636,70.296227,100.484169,81.679054,68.752174
3161.161,84.747635,74.202209,70.264717,100.837639,81.756805,68.721497
3169.588,84.858116,74.252312,70.324455,101.226204,81.834984,68.732506
3178.015,85.234253,74.353767,70.366814,101.647629,81.979431,68.710976
3186.443,85.33242,74.348488,70.31752,102.071671,82.124779,68.731163
3194.872,85.636719,74.441628,70.395332,102.446114,82.19857,68.730217
3203.301,85.804504,74.485703,70.382805,102.849136,82.335045,68.739227
3211.729,86.068161,74.510941,70.447021,103.261902,82.481583,68.7388
3220.156,86.313881,74.633736,70.458923,103.657059,82.629341,68.742584
3228.585,86.520706,74.712639,70.515404,104.108376,82.801811,68.766029
3237.014,86.756996,74.784058,70.532516,104.549751,82.953316,68.8022
3245.442,86.958496,74.87114,70.554306,104.971741,83.122398,68.838516
3253.868,87.227531,74.986679,70.619461,105.360649,83.313179,68.881393
3262.296,87.420082,75.039139,70.642365,105.746704,83.448547,68.778091
3270.725,87.642792,75.138641,70.676353,106.199356,83.646416,68.88443
3279.153,87.832008,75.269096,70.757576,106.564644,83.824783,68.878883
3287.582,88.01635,75.394661,70.808685,106.941025,84.074394,68.938141
3296.01,88.153595,75.484673,70.922783,107.225647,84.212395,69.021744
3304.439,88.150932,75.505165,70.881866,107.511246,84.44558,69.070976
3312.867,88.345177,75.684586,71.06086,107.676682,84.606262,69.124298
3321.296,88.320061,75.728485,71.078194,107.867561,84.762321,69.17276
3329.724,88.34169,75.866463,71.139885,107.988731,84.955742,69.312187
3338.15,88.345932,75.996033,71.196381,108.057892,85.11142,69.361626
3346.578,88.392509,76.0849,71.311157,108.068115,85.297493,69.454956
3355.006,88.354675,76.130547,71.408829,108.047485,85.452301,69.612869
3363.435,88.200577,76.176079,71.383339,107.97361,85.571136,69.651825
3371.862,88.22319,76.285713,71.466408,107.882591,85.677338,69.737999
3380.291,88.111588,76.302399,71.535347,107.711563,85.758636,69.785973
3388.72,88.039742,76.348923,71.544075,107.554214,85.838089,69.853905
3397.147,87.866867,76.398849,71.644188,107.376495,85.942101,69.958961
3405.575,87.757935,76.48716,71.71418,107.160141,86.004814,70.025276
3414.003,87.564613,76.450676,71.742317,106.974922,86.049942,70.16021
3422.432,87.476311,76.494278,71.755905,106.669518,86.031197,70.166008
3430.86,87.293777,76.529953,71.775307,106.399773,86.064507,70.250626
3439.288,87.157043,76.49678,71.859917,106.090919,86.060143,70.299896
3447.717,86.904495,76.503548,71.861412,105.820091,86.059952,70.318962
3456.145,86.762802,76.493134,71.851463,105.495911,86.035469,70.320625
3464.573,86.543159,76.460548,71.911911,105.153366,86.016121,70.410393
3473.002,86.388824,76.476692,71.919113,104.81208,85.92865,70.472687
3481.431,86.192261,76.531288,71.930412,104.409798,85.801476,70.392159
3489.859,85.947701,76.335869,71.869247,104.06707,85.733337,70.489105
3498.287,85.740372,76.327469,71.923859,103.670944,85.648376,70.534401
3506.715,85.559517,76.336311,71.948982,103.322716,85.559273,70.525597
3515.144,85.271172,76.194962,71.847702,102.882301,85.463188,70.514412
3523.572,85.099319,76.144753,71.86647,102.520073,85.368546,70.506027
3531.999,84.820427,76.05954,71.763832,102.107323,85.196327,70.512039
3540.427,84.617447,76.063889,71.805077,101.675362,85.085014,70.556664
3548.855,84.370636,75.914497,71.784668,101.295334,84.975418,70.608986
3557.283,84.206657,75.909454,71.795433,100.909294,84.838028,70.566353
3565.712,83.919357,75.778214,71.754005,100.465744,84.677094,70.563911
3574.14,83.678146,75.667122,71.66787,100.052261,84.498947,70.476196
3582.567,83.487617,75.603455,71.602821,99.586052,84.293755,70.44281
3590.996,83.299339,75.597252,71.619301,99.211052,84.102829,70.412437
3599.425,83.016403,75.40847,71.499466,98.791405,83.90686,70.343788
3607.853,82.845062,75.309647,71.47052,98.407646,83.768791,70.317421
3616.28,82.725624,75.244362,71.394218,98.060402,83.556236,70.238129
3624.708,82.603485,75.10466,71.361282,97.743294,83.342445,70.203217
3633.136,82.490417,74.997169,71.27829,97.499146,83.183586,70.156044
3641.564,82.408043,74.909119,71.27684,97.306931,82.988815,70.12133
3649.992,82.255791,74.772987,71.149162,97.182114,82.82238,70.105537
3658.42,82.349564,74.720993,71.151695,97.033493,82.620331,69.999123
3666.848,82.313629,74.664909,71.022957,96.983665,82.509056,69.921577
3675.275,82.336891,74.52182,70.947212,96.963676,82.316757,69.757965
3683.704,82.428032,74.468788,70.944351,96.998352,82.189194,69.737236
3692.132,82.472153,74.450562,70.8741,97.042984,82.039902,69.709686
3700.561,82.567238,74.331581,70.794289,97.147034,81.936218,69.622292
3708.989,82.664055,74.337158,70.801918,97.303146,81.847008,69.565407
3717.417,82.839851,74.351074,70.778252,97.431786,81.750595,69.475647
3725.843,82.860947,74.205818,70.719582,97.659126,81.696709,69.456383
3734.272,83.026283,74.185677,70.640549,97.820099,81.603111,69.293098
3742.699,83.199738,74.224052,70.624611,98.084846,81.601517,69.197983
3751.128,83.291229,74.176392,70.566628,98.378304,81.569534,69.184799
3759.556,83.504807,74.181763,70.542206,98.614319,81.576439,69.105286
3767.984,83.642197,74.139854,70.497307,98.907135,81.551552,69.039818
3776.413,83.831543,74.243362,70.501381,99.291069,81.615845,68.950294
3784.842,84.004929,74.241318,70.515373,99.544434,81.601616,68.984444
3793.271,84.256241,74.252731,70.551079,99.914314,81.619286,68.987892
3801.698,84.443596,74.255234,70.461685,100.246002,81.710098,68.916176
3810.127,84.624313,74.353966,70.47863,100.629562,81.824913,68.902847
3818.555,84.82972,74.28949,70.432457,100.974731,81.900574,68.858849
3826.984,84.999001,74.344009,70.43956,101.373161,82.013748,68.873215
3835.411,85.201797,74.381615,70.485886,101.754875,82.077919,68.797775
3843.84,85.413719,74.431976,70.42556,102.103065,82.216942,68.800163
3852.269,85.69474,74.516296,70.490417,102.52037,82.294754,68.795685
3860.697,85.928139,74.577774,70.506767,102.929199,82.461525,68.818703
3869.126,86.133751,74.69696,70.55999,103.345871,82.595879,68.787064
3877.554,86.35408,74.724968,70.615273,103.783287,82.749336,68.838722
3885.982,86.59803,74.821014,70.629982,104.184799,82.9189,68.813637
3894.41,86.84494,74.84391,70.646706,104.599716,83.066154,68.8396
3902.839,87.066315,74.972366,70.673897,105.010887,83.236656,68.921577
3911.266,87.291069,75.083557,70.748459,105.405525,83.338181,68.951096
3919.694,87.549454,75.208603,70.826782,105.869049,83.597588,68.955963
3928.122,87.735771,75.293091,70.878288,106.212692,83.710068,68.970993
3936.551,87.915352,75.393745,70.906319,106.612625,83.926903,69.08046
3944.98,88.023796,75.43853,70.931396,106.973373,84.130531,69.164574
3953.407,88.123566,75.523674,70.97348,107.250557,84.321236,69.158287
3961.836,88.28054,75.643448,71.070366,107.502937,84.544456,69.161324
3970.265,88.350319,75.72271,71.141396,107.670471,84.673279,69.212135
3978.692,88.413559,75.8974,71.250122,107.819672,84.858482,69.390114
3987.12,88.429497,75.954323,71.30545,107.943329,85.047012,69.453133
3995.549,88.404976,76.047386,71.334602,107.972542,85.197075,69.514153
4003.977,88.343781,76.103622,71.379395,108.001305,85.38018,69.584579
4012.405,88.329422,76.195145,71.46727,107.946999,85.529175,69.680275
4020.833,88.28299,76.273232,71.529549,107.912155,85.6651,69.780556
4029.261,88.190491,76.333038,71.535286,107.829025,85.791969,69.849548
4037.69,88.053429,76.406349,71.621208,107.670815,85.864853,69.914337
4046.118,87.948257,76.403801,71.674805,107.500114,85.920059,69.996994
4054.546,87.885887,76.473053,71.729408,107.270813,85.962837,70.087173
4062.974,87.698212,76.464439,71.751266,107.092041,86.006584,70.12973
4071.402,87.604698,76.538582,71.825645,106.824821,86.072983,70.20018
4079.83,87.406044,76.550835,71.874565,106.580338,86.074699,70.226883
4088.259,87.270821,76.577835,71.875908,106.24115,86.073555,70.296791
4096.687,87.066582,76.489868,71.893333,105.950226,86.019493,70.319565
4105.112,86.86058,76.487419,71.900513,105.680023,86.07312,70.409355
4113.54,86.668198,76.501312,71.944885,105.354439,86.065582,70.50885
4121.969,86.540482,76.566261,71.970879,105.021408,86.011581,70.455132
4130.398,86.291023,76.437675,71.98069,104.652664,85.928513,70.523415
4138.825,86.118378,76.464622,71.940269,104.255722,85.800865,70.490784
4147.254,85.901443,76.424393,71.996971,103.918121,85.740067,70.50087
4155.682,85.721161,76.337837,71.949585,103.555473,85.674332,70.522522
4164.11,85.46698,76.28949,71.94294,103.135117,85.54615,70.574829
4172.538,85.232254,76.23513,71.951363,102.77597,85.450027,70.693542
4180.967,85.075554,76.230759,71.9534,102.392288,85.330132,70.675285
4189.395,84.797539,76.157875,71.924736,101.967133,85.143501,70.656822
4197.822,84.52668,76.038986,71.803307,101.57785,85.067917,70.647316
4206.251,84.350784,75.972557,71.861298,101.146492,84.964409,70.60508
4214.679,84.122498,75.879662,71.813766,100.734818,84.785202,70.579346
4223.108,83.911751,75.799942,71.740219,100.329048,84.620522,70.590118
4231.536,83.708725,75.740288,71.72776,99.943375,84.439056,70.538734
4239.965,83.391342,75.647942,71.72821,99.504112,84.251472,70.545403
4248.393,83.226715,75.515739,71.653969,99.045074,84.138817,70.488976
4256.82,83.015778,75.472916,71.621895,98.641869,83.933517,70.458435
4265.248,82.836525,75.352676,71.508278,98.2892,83.724304,70.444618
4273.675,82.678398,75.250092,71.466415,97.93821,83.52314,70.373512
4282.102,82.516129,75.13031,71.368141,97.654015,83.352638,70.290184
4290.529,82.492393,75.011742,71.383385,97.34742,83.102501,70.191872
4298.957,82.38575,74.893707,71.266701,97.223808,82.959961,70.183022
4307.386,82.385551,74.889854,71.245888,97.06398,82.765549,70.109695
4315.815,82.367645,74.770912,71.129211,96.990875,82.572174,70.025932
4324.241,82.406349,74.708549,71.1035,97.016228,82.451134,69.981255
4332.67,82.430939,74.604126,71.035492,96.943924,82.294342,69.849022
4341.099,82.452782,74.523071,70.956718,96.996063,82.145645,69.738167
4349.527,82.571785,74.486664,70.930382,97.029152,81.988075,69.628304
4357.955,82.587761,74.37867,70.886986,97.197586,81.934052,69.633186
4366.384,82.735268,74.322853,70.815804,97.334488,81.849762,69.650917
4374.813,82.775307,74.296188,70.699295,97.484871,81.724335,69.522751
4383.241,82.951424,74.275833,70.706657,97.703545,81.640953,69.461838
4391.67,83.171623,74.268127,70.712021,97.895844,81.611305,69.368683
4400.097,83.223824,74.227943,70.627594,98.19886,81.61615,69.347168
4408.525,83.383926,74.189743,70.591667,98.485107,81.60083,69.20945
4416.952,83.607895,74.176849,70.577179,98.736046,81.594353,69.099129
4425.38,83.829063,74.252342,70.589661,99.058807,81.595795,69.093925
4433.806,83.975182,74.190292,70.543861,99.39003,81.625534,69.097527
4442.234,84.144409,74.282372,70.539482,99.719734,81.66288,69.077797
4450.662,84.341614,74.267899,70.48307,100.058601,81.673531,69.016922
4459.091,84.592873,74.292084,70.619324,100.43988,81.802368,68.978188
4467.517,84.779053,74.314247,70.517273,100.825508,81.876793,68.931351
4475.945,84.95639,74.37545,70.529457,101.188797,81.964478,68.90625
4484.374,85.21685,74.408554,70.492218,101.58522,82.08548,68.883286
4492.801,85.348808,74.459717,70.485855,101.933601,82.165558,68.85585
4501.23,85.648674,74.551857,70.567024,102.342995,82.279808,68.853622
4509.657,85.86924,74.614265,70.557709,102.747971,82.382935,68.888214
4518.085,86.112961,74.693382,70.654495,103.137665,82.498344,68.850235
4526.514,86.311829,74.765266,70.616859,103.581406,82.668434,68.880714
4534.942,86.509438,74.791893,70.612541,103.986725,82.824173,68.941521
4543.37,86.802315,74.904678,70.683891,104.456245,83.037109,68.981339
4551.799,87.011543,75.027428,70.742958,104.834244,83.135307,68.997444
4560.228,87.235474,75.072968,70.728241,105.222809,83.305588,69.017998
4568.654,87.472527,75.153809,70.775864,105.704391,83.489372,69.026825
4577.082,87.681129,75.243362,70.869789,106.079987,83.653519,69.024719
4585.511,87.903885,75.425385,70.97509,106.524971,83.835457,69.122467
4593.94,88.065758,75.475601,70.986122,106.881615,84.080429,69.177063
4602.367,88.225403,75.560699,71.06826,107.212929,84.309189,69.220734
4610.796,88.32975,75.690048,71.075493,107.473686,84.462265,69.216034
4619.222,88.46003,75.77652,71.142281,107.699844,84.632431,69.302422
4627.65,88.470848,75.85125,71.227791,107.887321,84.861488,69.356445
4636.079,88.664696,76.023155,71.371773,108.033432,85.015396,69.445839
4644.508,88.564117,76.098755,71.382767,108.11937,85.19249,69.519211
4652.935,88.559303,76.154434,71.429062,108.207291,85.398407,69.680496
4661.363,88.529221,76.277237,71.52095,108.182571,85.511337,69.682159
4669.791,88.454765,76.315659,71.55732,108.145836,85.672928,69.751015
4678.22,88.440262,76.385498,71.657417,108.062469,85.774109,69.828026
4686.648,88.314926,76.457001,71.675766,107.95459,85.914314,69.884445
4695.076,88.184326,76.512245,71.723923,107.802078,85.982315,69.928307
4703.505,88.066414,76.566856,71.745079,107.632172,86.041527,69.992966
4711.934,87.94146,76.608032,71.845146,107.46331,86.139404,70.194122
4720.359,87.802101,76.591499,71.8937,107.209633,86.170418,70.256264
4728.788,87.710297,76.69072,71.945732,106.949165,86.191208,70.288254
4737.217,87.508934,76.646446,71.937653,106.638145,86.175606,70.307739
4745.646,87.338661,76.640289,72.005966,106.395134,86.194351,70.442436
4754.074,87.118912,76.643845,71.970795,106.08297,86.18235,70.460701
4762.501,86.984863,76.643364,72.035393,105.815765,86.171989,70.600471
4770.928,86.823662,76.62561,72.076759,105.483879,86.204102,70.641487
4779.357,86.549942,76.567688,71.963615,105.103058,86.083893,70.605522
4787.784,86.416603,76.590584,72.122849,104.764748,86.065453,70.677856
4796.212,86.148544,76.440666,72.011414,104.411621,85.985451,70.679764
4804.641,86.006126,76.551163,72.101761,104.017403,85.854248,70.709366
4813.068,85.760925,76.421532,72.064453,103.631035,85.787216,70.746681
4821.496,85.49144,76.342796,72.011826,103.23082,85.64373,70.704636
4829.923,85.364006,76.367416,72.032562,102.83606,85.560173,70.762329
4838.352,85.131317,76.302734,72.013016,102.430687,85.436409,70.703781
4846.779,84.869453,76.202454,72.019279,102.050369,85.298241,70.760773
4855.206,84.647751,76.093948,71.93734,101.660606,85.147636,70.752396
4863.634,84.492516,76.082069,71.909874,101.207253,85.008751,70.706451
4872.062,84.167229,75.987823,71.915764,100.812302,84.852844,70.653587
4880.49,83.984467,75.946365,71.859169,100.399681,84.733185,70.662819
4888.919,83.789757,75.819649,71.821579,99.993736,84.567352,70.64608
4897.347,83.543434,75.762337,71.754166,99.564079,84.354683,70.568321
4905.774,83.248062,75.597565,71.724342,99.15477,84.181686,70.493309
4914.202,83.11013,75.518845,71.688469,98.737617,84.019386,70.426453
4922.631,82.931877,75.460777,71.616409,98.386124,83.813873,70.404419
4931.06,82.77494,75.353439,71.59201,98.023697,83.591942,70.357475
4939.487,82.687485,75.238564,71.528885,97.772949,83.401993,70.382607
4947.916,82.602158,75.133804,71.436951,97.54718,83.200668,70.359001
4956.345,82.491684,75.011261,71.337303,97.343483,83.03849,70.287422
4964.773,82.662201,74.969276,71.353516,97.210892,82.85997,70.210953
4973.2,82.523277,74.87352,71.271721,97.115128,82.673164,70.11039
4981.629,82.546425,74.771545,71.19149,97.111702,82.501472,70.092079
4990.057,82.596992,74.74556,71.143036,97.081978,82.340744,69.949509
4998.484,82.580986,74.633102,71.065163,97.158157,82.238892,69.954025
5006.913,82.67495,74.539131,70.982628,97.226089,82.122879,69.820152
5015.341,82.785271,74.508461,70.979218,97.375763,82.006615,69.779549
5023.77,82.898109,74.446404,70.95726,97.517761,81.917999,69.602234
5032.197,82.958473,74.369255,70.824402,97.725723,81.821884,69.579254
5040.626,83.072464,74.346611,70.785255,97.91745,81.789375,69.433281
5049.054,83.257225,74.369469,70.776031,98.137924,81.782021,69.435555
5057.483,83.41964,74.326241,70.720192,98.402214,81.721237,69.355522
5065.911,83.587044,74.336792,70.68811,98.665894,81.688034,69.264786
5074.339,83.756783,74.29261,70.683113,98.923126,81.697662,69.221695
5082.767,83.93898,74.339699,70.66375,99.267799,81.727264,69.172897
5091.195,84.101562,74.309669,70.628906,99.567795,81.72525,69.137405
5099.624,84.310257,74.317238,70.582603,99.888542,81.75,69.154823
5108.053,84.391418,74.27298,70.44368,100.253136,81.834091,69.135765
5116.481,84.725563,74.421425,70.576813,100.629417,81.934792,69.062477
5124.908,84.861763,74.421387,70.584801,101.03421,82.017456,68.997734
5133.337,85.063499,74.48497,70.570251,101.395836,82.070892,68.994766
5141.765,85.27359,74.479439,70.564026,101.790146,82.20443,69.007034
5150.192,85.596512,74.593475,70.626984,102.176811,82.331902,69.006584
5158.619,85.808876,74.672668,70.635841,102.546722,82.413788,68.940826
5167.048,85.960167,74.667038,70.58506,102.957092,82.524979,68.964684
5175.476,86.207016,74.748116,70.62812,103.389786,82.682785,68.931511
5183.904,86.45047,74.86956,70.735153,103.757538,82.826721,68.915871
5192.329,86.728935,74.96476,70.755898,104.166458,82.960312,68.974937
5200.757,86.945923,75.041649,70.808975,104.570213,83.122192,68.959572
5209.185,87.105064,75.132713,70.846664,105.039345,83.331841,69.017189
5217.612,87.382996,75.228493,70.868896,105.4105,83.447678,69.000031
5226.04,87.595085,75.286011,70.925514,105.868309,83.672302,69.07032
5234.469,87.842346,75.459496,71.032585,106.238144,83.804787,69.084473
5242.897,88.007011,75.454765,71.038162,106.670525,84.059052,69.174042
5251.325,88.199501,75.598305,71.072655,107.029533,84.234322,69.288948
5259.753,88.350891,75.688225,71.159836,107.358643,84.411362,69.357468
5268.181,88.475876,75.813416,71.222954,107.612473,84.603203,69.402954
5276.609,88.52404,75.944656,71.256828,107.805664,84.771645,69.447975
5285.037,88.532509,76.106621,71.294151,108.025703,84.984566,69.56884
5293.465,88.640991,76.082672,71.330475,108.138634,85.160202,69.63295
5301.893,88.54007,76.197105,71.462341,108.129623,85.274467,69.617615
5310.32,88.597717,76.29129,71.528587,108.209488,85.437531,69.753494
5318.748,88.539383,76.340996,71.551262,108.20575,85.644196,69.792892
5327.177,88.518349,76.436859,71.665932,108.160477,85.792046,69.925949
5335.604,88.415833,76.4711,71.681389,108.087311,85.895988,69.976379
5344.032,88.339508,76.512703,71.7883,107.977119,86.004082,70.024315
5352.46,88.260262,76.60659,71.826065,107.815346,86.048454,70.095459
5360.889,88.092094,76.611969,71.881622,107.627159,86.127892,70.205528
5369.317,87.976578,76.651108,71.917336,107.421921,86.189018,70.279655
5377.745,87.818405,76.701263,71.959709,107.135017,86.207497,70.299721
5386.174,87.685875,76.707817,71.97818,106.903145,86.2463,70.346504
5394.602,87.527924,76.711464,72.036133,106.641083,86.256302,70.376656
5403.028,87.366684,76.710648,72.024551,106.333237,86.271805,70.468918
5411.457,87.159218,76.662537,72.035324,106.037086,86.248589,70.555283
5419.886,87.031029,76.771011,72.080338,105.703194,86.200287,70.575569
5428.314,86.815826,76.731888,72.134247,105.371056,86.163063,70.544342
5436.741,86.537254,76.609558,72.060242,105.06456,86.152367,70.705544
5445.168,86.453651,76.651398,72.154793,104.710869,86.070488,70.717728
5453.595,86.114159,76.563728,72.104019,104.350517,85.971817,70.727112
5462.024,85.972397,76.588058,72.111832,103.942719,85.882416,70.734749
5470.451,85.698311,76.490746,72.062187,103.560066,85.815842,70.741356
5478.879,85.605392,76.504257,72.160027,103.131836,85.692009,70.785408
5487.308,85.325974,76.360825,72.099297,102.768478,85.570122,70.787399
5495.734,85.055161,76.272018,72.023087,102.368958,85.44046,70.792854
5504.162,84.885216,76.248901,72.00042,101.903015,85.294487,70.80629
5512.589,84.682144,76.191765,72.021873,101.541336,85.135071,70.773766
5521.017,84.500511,76.088913,71.966217,101.174065,85.034485,70.757378
5529.444,84.2174,76.019836,71.954659,100.698235,84.884636,70.735298
5537.872,83.959038,75.909271,71.894943,100.336517,84.739426,70.746742
5546.299,83.703384,75.823395,71.841133,99.890938,84.555244,70.697693
5554.727,83.516396,75.762581,71.822243,99.435699,84.359093,70.647224
5563.154,83.27388,75.686829,71.72998,99.078468,84.186035,70.658546
5571.583,83.109756,75.528557,71.70459,98.657104,83.98262,70.532722
5580.011,82.914894,75.497879,71.652374,98.268181,83.754517,70.46817
5588.44,82.81694,75.35051,71.578522,98.023155,83.60585,70.453201
5596.867,82.733704,75.267105,71.613129,97.699043,83.394249,70.349655
5605.294,82.657616,75.216721,71.489403,97.459969,83.216827,70.275215
5613.722,82.599236,75.193436,71.459473,97.31292,83.05027,70.229057
5622.15,82.527298,74.925652,71.292923,97.195709,82.84761,70.19677
5630.576,82.516594,74.877144,71.261826,97.120155,82.710724,70.141754
5639.005,82.594406,74.814919,71.260086,97.077278,82.510307,70.019096
5647.434,82.569466,74.733391,71.145775,97.107079,82.37674,69.947441
5655.861,82.679611,74.62352,71.115623,97.184349,82.270706,69.949852
5664.287,82.698921,74.518173,70.94104,97.24868,82.076591,69.853416
5672.716,82.793564,74.520874,70.96048,97.377663,81.983971,69.783501
5681.144,82.89196,74.451942,70.919716,97.562408,81.983292,69.698242
5689.569,83.097282,74.475891,70.903793,97.761543,81.844452,69.59082
5697.998,83.199699,74.408913,70.87278,97.99781,81.787491,69.574898
5706.425,83.306534,74.340385,70.795296,98.188446,81.761429,69.477554
5714.854,83.510056,74.363434,70.726219,98.440903,81.710899,69.357796
5723.28,83.701988,74.410622,70.751656,98.760292,81.69825,69.280273
5731.707,83.832359,74.380959,70.704567,99.04528,81.714386,69.239784
5740.134,84.049339,74.376648,70.710793,99.362099,81.724983,69.237541
5748.562,84.195747,74.359558,70.620361,99.683189,81.748268,69.188629
5756.988,84.416496,74.347755,70.609245,100.052422,81.803329,69.171478
5765.417,84.603432,74.41124,70.630806,100.421257,81.863411,69.100662
5773.845,84.798508,74.411583,70.632751,100.791016,81.949127,69.088036
5782.273,84.97007,74.45237,70.624954,101.166412,82.047234,69.082756
5790.701,85.25518,74.546288,70.667107,101.488258,82.133583,69.068932
5799.129,85.417915,74.584648,70.631218,101.878677,82.234116,68.959473
5807.556,85.669624,74.656174,70.670227,102.268547,82.297134,68.918404
5815.984,85.909431,74.689926,70.692528,102.699249,82.404495,68.985649
5824.411,86.166252,74.831833,70.757004,103.140663,82.634293,69.046463
5832.838,86.384209,74.837082,70.729935,103.577522,82.771202,69.052925
5841.266,86.58329,74.973305,70.786682,103.947281,82.88913,69.030533
5849.693,86.881332,75.031013,70.825142,104.375305,83.03315,69.045006
5858.122,87.056198,75.040176,70.852638,104.778099,83.168808,69.015587
5866.55,87.249245,75.09404,70.803169,105.205811,83.353157,69.040108
5874.977,87.54837,75.274658,70.908432,105.617691,83.503387,69.058716
5883.405,87.721786,75.357033,70.995407,106.056847,83.68515,69.180817
5891.833,87.978645,75.499779,71.019249,106.505875,83.911697,69.256668
5900.259,88.159615,75.517952,71.067215,106.894753,84.123947,69.23455
5908.688,88.306801,75.688438,71.111473,107.241653,84.309441,69.317032
5917.115,88.438972,75.793312,71.193916,107.558113,84.493614,69.346382
5925.541,88.614601,75.924141,71.369682,107.794586,84.670303,69.368484
5933.969,88.646477,75.982513,71.38018,108.063988,84.912163,69.46875
5942.397,88.739952,76.141106,71.410004,108.169243,85.054031,69.481697
5950.824,88.727806,76.120277,71.408195,108.301453,85.221001,69.601097
5959.252,88.751106,76.28627,71.54763,108.34259,85.377121,69.62484
5967.68,88.706718,76.345078,71.611481,108.431366,85.592369,69.722549
5976.109,88.645447,76.405365,71.6129,108.406021,85.759979,69.885887
5984.537,88.637543,76.530373,71.74411,108.349304,85.848106,69.907234
5992.966,88.574409,76.575516,71.806442,108.241631,85.95343,69.984268
6001.394,88.473267,76.653984,71.83107,108.059608,86.05645,70.085808
6009.82,88.314667,76.66021,71.885872,107.942368,86.163528,70.189789
6018.248,88.218048,76.699188,71.941368,107.758919,86.245613,70.226395
6026.675,88.094475,76.692703,71.955727,107.555397,86.306168,70.350159
6035.103,87.995171,76.759705,72.02755,107.305428,86.353706,70.33873
6043.732,87.798859,76.800446,72.051338,107.06881,86.374527,70.407433
6052.16,87.627296,76.825996,72.106453,106.722488,86.328072,70.424515
6060.587,87.380615,76.757561,72.07444,106.490166,86.373268,70.534744
6069.014,87.307205,76.821503,72.176666,106.169922,86.378502,70.578476
6077.442,87.117981,76.75106,72.091537,105.85778,86.341942,70.622627
6085.868,86.921402,76.764679,72.181702,105.510948,86.283737,70.69696
6094.296,86.712456,76.747368,72.188675,105.190002,86.236938,70.757019
6102.725,86.498184,76.673409,72.180016,104.81337,86.153397,70.760437
6111.151,86.175858,76.548592,72.093681,104.437241,86.071449,70.800041
6119.58,86.071175,76.623222,72.197655,104.082108,85.990547,70.857651
6128.008,85.830643,76.561966,72.152191,103.678101,85.889481,70.832787
6136.437,85.588249,76.51371,72.148857,103.317635,85.80748,70.871193
6144.864,85.389175,76.475281,72.159225,102.907066,85.64241,70.890785
6153.292,85.221756,76.383209,72.154228,102.483459,85.53772,70.853577
6161.72,84.982117,76.35257,72.116707,102.099304,85.411781,70.854729
6170.148,84.702682,76.237267,72.030029,101.664978,85.259796,70.823433
6178.777,84.49617,76.170944,72.049408,101.269524,85.117905,70.815285
6187.205,84.288704,76.085358,71.998169,100.845009,84.947762,70.798149
6195.634,84.04866,75.992867,71.904984,100.400894,84.790138,70.735535
6204.062,83.799957,75.92836,71.917931,99.989632,84.598587,70.73275
6212.692,83.566994,75.787247,71.8256,99.542992,84.429581,70.74218
6221.322,83.383537,75.72744,71.801758,99.166832,84.25515,70.741592
6229.75,83.110542,75.557068,71.701935,98.725792,84.052559,70.630585
6238.179,83.024162,75.505569,71.65892,98.420998,83.863953,70.583038
6246.607,82.948463,75.477135,71.681343,98.092766,83.664345,70.506851
6255.033,82.788048,75.30056,71.572807,97.851868,83.509659,70.451714
6263.461,82.74054,75.199013,71.549377,97.617844,83.314339,70.364899
6271.89,82.64006,75.159767,71.45903,97.417168,83.07058,70.290154
6280.318,82.684441,75.064812,71.440361,97.35025,82.928307,70.291183
6288.747,82.627625,74.888893,71.29512,97.284454,82.790817,70.261467
6297.175,82.647514,74.844391,71.286354,97.264572,82.63369,70.172462
6305.604,82.690712,74.772537,71.229156,97.265343,82.487732,70.037323
6314.032,82.784256,74.70015,71.15744,97.321213,82.372307,69.983582
6322.459,82.839836,74.621193,71.087173,97.455063,82.198784,69.879784
6330.885,82.971535,74.610283,71.073509,97.557831,82.087158,69.834404
6339.516,83.082809,74.530159,71.028435,97.718102,82.039635,69.789413
6348.146,83.125862,74.486572,70.881706,97.906715,81.965988,69.717148
6356.573,83.310806,74.452339,70.88871,98.145493,81.890625,69.646843
6365.002,83.480217,74.486443,70.909065,98.344894,81.829269,69.483948
6373.431,83.501854,74.327522,70.683182,98.641571,81.879097,69.38501
6381.859,83.745529,74.455963,70.789665,98.906311,81.864784,69.329208
6390.287,83.870399,74.386658,70.757011,99.181396,81.815346,69.26487
6398.714,84.133331,74.504311,70.750031,99.491814,81.818878,69.251671
6407.141,84.288849,74.404449,70.736534,99.814728,81.908386,69.284317
6415.568,84.433876,74.469597,70.703842,100.121841,81.919083,69.183388
6423.994,84.693428,74.536888,70.702385,100.514488,81.998695,69.14724
6432.421,84.869957,74.516174,70.691994,100.853218,82.039131,69.160843
6440.85,85.083694,74.617874,70.777664,101.181862,82.128609,69.085274
6449.278,85.336594,74.641579,70.748901,101.580002,82.24398,69.134155
6457.906,85.558014,74.709442,70.779655,101.958893,82.330528,69.062294
6466.537,85.691063,74.696373,70.706535,102.364006,82.416901,69.056503
6474.966,85.991646,74.842361,70.81498,102.735428,82.505295,69.009415
6483.596,86.179703,74.870926,70.836906,103.147034,82.665604,69.013817
6492.025,86.321983,74.890419,70.777794,103.552979,82.780777,69.044388
6500.655,86.578423,74.982201,70.812538,104.002518,82.977875,69.067451
6509.083,86.854973,75.102524,70.884766,104.349937,83.09008,69.103294
6517.509,87.097855,75.161034,70.951309,104.808182,83.316734,69.103188
6525.937,87.271835,75.246735,70.946968,105.18129,83.460922,69.122627
6534.363,87.501938,75.33461,70.988571,105.610542,83.59008,69.141487
6542.791,87.71563,75.372414,71.021118,105.99115,83.757622,69.203964
6551.218,87.916344,75.455688,71.059265,106.400833,83.971542,69.251167
6559.646,88.157562,75.641685,71.161423,106.758461,84.096436,69.290718
6568.073,88.249031,75.760933,71.244255,107.093178,84.344185,69.324486
6576.501,88.392899,75.818359,71.293213,107.358856,84.536797,69.381287
6584.925,88.518135,75.979774,71.381783,107.560532,84.681564,69.470039
6593.353,88.528,76.038879,71.422569,107.76664,84.868073,69.584915
6601.78,88.559372,76.16069,71.466263,107.862984,85.033943,69.604202
6610.209,88.527977,76.212296,71.505959,107.992775,85.231117,69.669197
6618.637,88.547218,76.249603,71.559769,107.991142,85.37355,69.720978
6627.066,88.521858,76.294167,71.5812,107.986023,85.563477,69.814705
6635.493,88.451988,76.427917,71.69503,107.992943,85.641685,69.852966
6643.921,88.429123,76.50499,71.816109,107.879128,85.750526,70.010529
6652.347,88.29184,76.571892,71.838341,107.808601,85.894234,70.118576
6660.775,88.183975,76.605843,71.823257,107.648628,85.992004,70.134415
6669.204,88.105568,76.628395,71.947098,107.418686,85.987808,70.122665
6677.834,87.989418,76.707909,71.990639,107.23555,86.090561,70.223709
6686.262,87.826019,76.717346,72.044533,107.039345,86.170242,70.284508
6694.892,87.657089,76.730652,72.07251,106.768707,86.164413,70.383881
6703.32,87.486221,76.752769,72.073997,106.499069,86.163208,70.477562
6711.745,87.352058,76.719879,72.122223,106.192131,86.183014,70.495972
6720.375,87.197884,76.763458,72.124115,105.894897,86.211945,70.611496
6728.803,87.039101,76.763725,72.20343,105.610779,86.23822,70.637527
6737.23,86.787651,76.673065,72.142319,105.277679,86.123192,70.653709
6745.859,86.576691,76.676651,72.162407,104.883369,86.032906,70.687523
6754.283,86.336922,76.593727,72.11499,104.557335,86.007118,70.771767
6762.71,86.201088,76.620987,72.159676,104.190186,85.903282,70.780334
6771.138,85.972122,76.623978,72.175491,103.825699,85.820381,70.851067
6779.567,85.733078,76.473915,72.122803,103.462685,85.758148,70.847115
6787.993,85.570694,76.450127,72.166382,103.016731,85.602455,70.801598
6796.421,85.339767,76.471054,72.134155,102.633171,85.482735,70.816292
6804.849,85.105156,76.362511,72.112442,102.239304,85.362564,70.869949
6813.476,84.858803,76.287819,72.067528,101.846565,85.24894,70.832985
6822.106,84.621475,76.201965,72.022919,101.416359,85.070953,70.867836
6830.734,84.374466,76.131851,72.008018,100.957245,84.939369,70.730179
6839.161,84.160767,76.033836,71.966133,100.551689,84.745575,70.726997
6847.587,83.944557,75.89962,71.930199,100.163223,84.579483,70.729256
6856.013,83.683609,75.781189,71.843369,99.75589,84.457626,70.714966
6864.44,83.536911,75.835548,71.861084,99.353119,84.302635,70.665741
6872.867,83.206108,75.628052,71.775917,98.916573,84.096992,70.582848
6881.295,83.078728,75.570641,71.747826,98.494576,83.901611,70.51342
6889.924,82.875893,75.421791,71.647308,98.117767,83.684181,70.539513
6898.553,82.693939,75.316032,71.613029,97.764046,83.485786,70.479645
6906.982,82.626404,75.222878,71.504044,97.5056,83.257881,70.383179
6915.409,82.576294,75.159973,71.494293,97.299019,83.118057,70.291771
6923.834,82.502571,75.022827,71.348183,97.095886,82.914474,70.213867
6932.262,82.454208,74.935997,71.284027,96.993767,82.734612,70.134926
6940.69,82.501595,74.882088,71.281204,96.918694,82.556488,70.059303
6949.116,82.50737,74.774208,71.224182,96.877792,82.407326,69.972061
6957.545,82.505074,74.685776,71.135269,96.93792,82.305786,69.987434
6965.974,82.593872,74.684021,71.142448,96.96965,82.1847,69.849876
6974.605,82.648422,74.557068,70.979256,97.069931,82.055939,69.788994
6983.638,82.731712,74.50695,70.985275,97.153442,81.924721,69.693314
6992.066,82.842422,74.43338,70.923599,97.323441,81.831665,69.609444
7000.491,82.947052,74.385796,70.874634,97.532204,81.789322,69.520111
7008.92,83.0504,74.37542,70.770988,97.695229,81.681503,69.456306
7017.349,83.262871,74.394356,70.795883,97.90419,81.638168,69.390053
7025.775,83.427826,74.389404,70.781532,98.21904,81.651581,69.290451
